model_type,bldgname,y_column,imputation_method,feature_method,n_feature,updated_n_feature,time_step,datelevel,rmse,mae,mape,model_file,model_data_path,building_file,selected_features_delimited
xgboost,Arena Auditorium,present_elec_kwh,zero_fill,rfecv,0,0,24,hour,590.8770141601562,408.36541748046875,0.1319524347782135,./models/spaces_xgboost/Arena_Auditorium_Data_Extended_present_elec_kwh_zero_fill_rfecv_0_0_24_hour,./models/spaces_imp/Arena_Auditorium_Data_Extended_present_elec_kwh_zero_fill,Arena_Auditorium_Data_Extended.csv,
xgboost,Arena Auditorium,present_elec_kwh,zero_fill,rfecv,1,1,24,hour,597.7384033203125,411.7192687988281,0.13212068378925323,./models/spaces_xgboost/Arena_Auditorium_Data_Extended_present_elec_kwh_zero_fill_rfecv_1_1_24_hour,./models/spaces_imp/Arena_Auditorium_Data_Extended_present_elec_kwh_zero_fill,Arena_Auditorium_Data_Extended.csv,temp_c
xgboost,Arts and Sciences,present_elec_kwh,zero_fill,rfecv,0,0,24,hour,6.262404441833496,4.608156204223633,0.22725683450698853,./models/spaces_xgboost/Arts_and_Sciences_Data_Extended_present_elec_kwh_zero_fill_rfecv_0_0_24_hour,./models/spaces_imp/Arts_and_Sciences_Data_Extended_present_elec_kwh_zero_fill,Arts_and_Sciences_Data_Extended.csv,
xgboost,Arts and Sciences,present_elec_kwh,zero_fill,rfecv,1,1,24,hour,6.483061790466309,4.810920238494873,0.23521310091018677,./models/spaces_xgboost/Arts_and_Sciences_Data_Extended_present_elec_kwh_zero_fill_rfecv_1_1_24_hour,./models/spaces_imp/Arts_and_Sciences_Data_Extended_present_elec_kwh_zero_fill,Arts_and_Sciences_Data_Extended.csv,direct_radiation_w/m2
xgboost,Arts and Sciences,present_elec_kwh,zero_fill,lassocv,1,2,24,hour,6.414140224456787,4.773102283477783,0.2332623153924942,./models/spaces_xgboost/Arts_and_Sciences_Data_Extended_present_elec_kwh_zero_fill_lassocv_1_2_24_hour,./models/spaces_imp/Arts_and_Sciences_Data_Extended_present_elec_kwh_zero_fill,Arts_and_Sciences_Data_Extended.csv,surface_pressure_hpa|direct_radiation_w/m2
xgboost,Aven Nelson,present_elec_kwh,zero_fill,rfecv,0,0,24,hour,6.160616397857666,5.069557189941406,0.3413095772266388,./models/spaces_xgboost/Aven_Nelson_Data_Extended_present_elec_kwh_zero_fill_rfecv_0_0_24_hour,./models/spaces_imp/Aven_Nelson_Data_Extended_present_elec_kwh_zero_fill,Aven_Nelson_Data_Extended.csv,
xgboost,Aven Nelson,present_elec_kwh,zero_fill,rfecv,1,2,24,hour,6.253142356872559,5.142055988311768,0.3417186141014099,./models/spaces_xgboost/Aven_Nelson_Data_Extended_present_elec_kwh_zero_fill_rfecv_1_2_24_hour,./models/spaces_imp/Aven_Nelson_Data_Extended_present_elec_kwh_zero_fill,Aven_Nelson_Data_Extended.csv,temp_c|direct_radiation_w/m2
xgboost,Aven Nelson,present_elec_kwh,zero_fill,lassocv,1,6,24,hour,6.153950214385986,5.054497718811035,0.33681467175483704,./models/spaces_xgboost/Aven_Nelson_Data_Extended_present_elec_kwh_zero_fill_lassocv_1_6_24_hour,./models/spaces_imp/Aven_Nelson_Data_Extended_present_elec_kwh_zero_fill,Aven_Nelson_Data_Extended.csv,temp_c|rel_humidity_%|surface_pressure_hpa|cloud_cover_%|direct_radiation_w/m2|wind_speed_ground_km/h
xgboost,Biological Sciences,present_elec_kwh,zero_fill,rfecv,0,0,24,hour,39.72213363647461,26.80246925354004,0.12947826087474823,./models/spaces_xgboost/Biological_Sciences_Data_Extended_present_elec_kwh_zero_fill_rfecv_0_0_24_hour,./models/spaces_imp/Biological_Sciences_Data_Extended_present_elec_kwh_zero_fill,Biological_Sciences_Data_Extended.csv,
xgboost,Biological Sciences,present_elec_kwh,zero_fill,rfecv,1,2,24,hour,40.422637939453125,26.770368576049805,0.12987878918647766,./models/spaces_xgboost/Biological_Sciences_Data_Extended_present_elec_kwh_zero_fill_rfecv_1_2_24_hour,./models/spaces_imp/Biological_Sciences_Data_Extended_present_elec_kwh_zero_fill,Biological_Sciences_Data_Extended.csv,temp_c|direct_radiation_w/m2
xgboost,Biological Sciences,present_elec_kwh,zero_fill,lassocv,1,7,24,hour,42.05509567260742,27.462982177734375,0.13275381922721863,./models/spaces_xgboost/Biological_Sciences_Data_Extended_present_elec_kwh_zero_fill_lassocv_1_7_24_hour,./models/spaces_imp/Biological_Sciences_Data_Extended_present_elec_kwh_zero_fill,Biological_Sciences_Data_Extended.csv,temp_c|surface_pressure_hpa|cloud_cover_%|direct_radiation_w/m2|precipitation_mm|wind_speed_ground_km/h|wind_dir_ground_deg
xgboost,Biological Sciences,present_chll_tonh,zero_fill,rfecv,0,0,24,hour,3.3582353591918945,2.019615411758423,0.4825219213962555,./models/spaces_xgboost/Biological_Sciences_Data_Extended_present_chll_tonh_zero_fill_rfecv_0_0_24_hour,./models/spaces_imp/Biological_Sciences_Data_Extended_present_chll_tonh_zero_fill,Biological_Sciences_Data_Extended.csv,
xgboost,Biological Sciences,present_chll_tonh,zero_fill,rfecv,1,2,24,hour,3.424351453781128,2.1500959396362305,0.47262465953826904,./models/spaces_xgboost/Biological_Sciences_Data_Extended_present_chll_tonh_zero_fill_rfecv_1_2_24_hour,./models/spaces_imp/Biological_Sciences_Data_Extended_present_chll_tonh_zero_fill,Biological_Sciences_Data_Extended.csv,temp_c|direct_radiation_w/m2
xgboost,Biological Sciences,present_chll_tonh,zero_fill,lassocv,1,3,24,hour,3.3749284744262695,2.069289207458496,0.4603447914123535,./models/spaces_xgboost/Biological_Sciences_Data_Extended_present_chll_tonh_zero_fill_lassocv_1_3_24_hour,./models/spaces_imp/Biological_Sciences_Data_Extended_present_chll_tonh_zero_fill,Biological_Sciences_Data_Extended.csv,temp_c|cloud_cover_%|direct_radiation_w/m2
xgboost,Centennial Complex,present_elec_kwh,zero_fill,rfecv,0,0,24,hour,0.01686026155948639,0.009095920249819756,0.07418638467788696,./models/spaces_xgboost/Centennial_Complex_Data_Extended_present_elec_kwh_zero_fill_rfecv_0_0_24_hour,./models/spaces_imp/Centennial_Complex_Data_Extended_present_elec_kwh_zero_fill,Centennial_Complex_Data_Extended.csv,
xgboost,Centennial Complex,present_elec_kwh,zero_fill,rfecv,1,2,24,hour,0.01652546413242817,0.009128745645284653,0.07444026321172714,./models/spaces_xgboost/Centennial_Complex_Data_Extended_present_elec_kwh_zero_fill_rfecv_1_2_24_hour,./models/spaces_imp/Centennial_Complex_Data_Extended_present_elec_kwh_zero_fill,Centennial_Complex_Data_Extended.csv,surface_pressure_hpa|direct_radiation_w/m2
xgboost,Centennial Complex,present_elec_kwh,zero_fill,lassocv,1,3,24,hour,0.01671162061393261,0.009185883216559887,0.07493039220571518,./models/spaces_xgboost/Centennial_Complex_Data_Extended_present_elec_kwh_zero_fill_lassocv_1_3_24_hour,./models/spaces_imp/Centennial_Complex_Data_Extended_present_elec_kwh_zero_fill,Centennial_Complex_Data_Extended.csv,temp_c|surface_pressure_hpa|direct_radiation_w/m2
xgboost,Centennial Complex,present_chll_tonh,zero_fill,rfecv,0,0,24,hour,11.672760009765625,7.5811333656311035,0.22896605730056763,./models/spaces_xgboost/Centennial_Complex_Data_Extended_present_chll_tonh_zero_fill_rfecv_0_0_24_hour,./models/spaces_imp/Centennial_Complex_Data_Extended_present_chll_tonh_zero_fill,Centennial_Complex_Data_Extended.csv,
xgboost,Centennial Complex,present_chll_tonh,zero_fill,rfecv,1,1,24,hour,11.502799034118652,7.422539234161377,0.22481678426265717,./models/spaces_xgboost/Centennial_Complex_Data_Extended_present_chll_tonh_zero_fill_rfecv_1_1_24_hour,./models/spaces_imp/Centennial_Complex_Data_Extended_present_chll_tonh_zero_fill,Centennial_Complex_Data_Extended.csv,rel_humidity_%
xgboost,Cheney Center,present_chll_tonh,zero_fill,rfecv,0,0,24,hour,0.6319852471351624,0.4667299687862396,0.32070380449295044,./models/spaces_xgboost/Cheney_Center_Data_Extended_present_chll_tonh_zero_fill_rfecv_0_0_24_hour,./models/spaces_imp/Cheney_Center_Data_Extended_present_chll_tonh_zero_fill,Cheney_Center_Data_Extended.csv,
xgboost,Cheney Center,present_chll_tonh,zero_fill,rfecv,1,1,24,hour,0.6336341500282288,0.4716053307056427,0.32527345418930054,./models/spaces_xgboost/Cheney_Center_Data_Extended_present_chll_tonh_zero_fill_rfecv_1_1_24_hour,./models/spaces_imp/Cheney_Center_Data_Extended_present_chll_tonh_zero_fill,Cheney_Center_Data_Extended.csv,temp_c
xgboost,Cheney Center,present_chll_tonh,zero_fill,lassocv,1,5,24,hour,0.6311056017875671,0.46860626339912415,0.32081088423728943,./models/spaces_xgboost/Cheney_Center_Data_Extended_present_chll_tonh_zero_fill_lassocv_1_5_24_hour,./models/spaces_imp/Cheney_Center_Data_Extended_present_chll_tonh_zero_fill,Cheney_Center_Data_Extended.csv,temp_c|rel_humidity_%|surface_pressure_hpa|direct_radiation_w/m2|wind_speed_ground_km/h
xgboost,Classroom Building,present_elec_kwh,zero_fill,rfecv,0,0,24,hour,15.439760208129883,11.243107795715332,0.17196308076381683,./models/spaces_xgboost/Classroom_Building_Data_Extended_present_elec_kwh_zero_fill_rfecv_0_0_24_hour,./models/spaces_imp/Classroom_Building_Data_Extended_present_elec_kwh_zero_fill,Classroom_Building_Data_Extended.csv,
xgboost,Classroom Building,present_elec_kwh,zero_fill,rfecv,1,2,24,hour,15.75627326965332,11.619867324829102,0.1770065724849701,./models/spaces_xgboost/Classroom_Building_Data_Extended_present_elec_kwh_zero_fill_rfecv_1_2_24_hour,./models/spaces_imp/Classroom_Building_Data_Extended_present_elec_kwh_zero_fill,Classroom_Building_Data_Extended.csv,temp_c|direct_radiation_w/m2
xgboost,Classroom Building,present_elec_kwh,zero_fill,lassocv,1,1,24,hour,15.918975830078125,11.73947811126709,0.18177491426467896,./models/spaces_xgboost/Classroom_Building_Data_Extended_present_elec_kwh_zero_fill_lassocv_1_1_24_hour,./models/spaces_imp/Classroom_Building_Data_Extended_present_elec_kwh_zero_fill,Classroom_Building_Data_Extended.csv,direct_radiation_w/m2
xgboost,Coe Library,present_elec_kwh,zero_fill,rfecv,0,0,24,hour,53.32633590698242,33.333553314208984,0.10648634284734726,./models/spaces_xgboost/Coe_Library_Data_Extended_present_elec_kwh_zero_fill_rfecv_0_0_24_hour,./models/spaces_imp/Coe_Library_Data_Extended_present_elec_kwh_zero_fill,Coe_Library_Data_Extended.csv,
xgboost,Coe Library,present_elec_kwh,zero_fill,rfecv,1,5,24,hour,62.55095291137695,35.86778259277344,0.11361435055732727,./models/spaces_xgboost/Coe_Library_Data_Extended_present_elec_kwh_zero_fill_rfecv_1_5_24_hour,./models/spaces_imp/Coe_Library_Data_Extended_present_elec_kwh_zero_fill,Coe_Library_Data_Extended.csv,temp_c|rel_humidity_%|cloud_cover_%|direct_radiation_w/m2|wind_dir_ground_deg
xgboost,Coe Library,present_elec_kwh,zero_fill,lassocv,1,7,24,hour,61.618186950683594,35.08679962158203,0.11018934100866318,./models/spaces_xgboost/Coe_Library_Data_Extended_present_elec_kwh_zero_fill_lassocv_1_7_24_hour,./models/spaces_imp/Coe_Library_Data_Extended_present_elec_kwh_zero_fill,Coe_Library_Data_Extended.csv,temp_c|rel_humidity_%|cloud_cover_%|direct_radiation_w/m2|precipitation_mm|wind_speed_ground_km/h|wind_dir_ground_deg
xgboost,College of Business,present_elec_kwh,zero_fill,rfecv,0,0,24,hour,33.88523864746094,23.262950897216797,0.31472766399383545,./models/spaces_xgboost/College_of_Business_Data_Extended_present_elec_kwh_zero_fill_rfecv_0_0_24_hour,./models/spaces_imp/College_of_Business_Data_Extended_present_elec_kwh_zero_fill,College_of_Business_Data_Extended.csv,
xgboost,College of Business,present_elec_kwh,zero_fill,rfecv,1,3,24,hour,33.62285614013672,23.131078720092773,0.3150123059749603,./models/spaces_xgboost/College_of_Business_Data_Extended_present_elec_kwh_zero_fill_rfecv_1_3_24_hour,./models/spaces_imp/College_of_Business_Data_Extended_present_elec_kwh_zero_fill,College_of_Business_Data_Extended.csv,surface_pressure_hpa|direct_radiation_w/m2|wind_dir_ground_deg
xgboost,College of Business,present_elec_kwh,zero_fill,lassocv,1,1,24,hour,34.484283447265625,23.52785301208496,0.3143620193004608,./models/spaces_xgboost/College_of_Business_Data_Extended_present_elec_kwh_zero_fill_lassocv_1_1_24_hour,./models/spaces_imp/College_of_Business_Data_Extended_present_elec_kwh_zero_fill,College_of_Business_Data_Extended.csv,surface_pressure_hpa
xgboost,College of Education,present_elec_kwh,zero_fill,rfecv,0,0,24,hour,15.56665325164795,11.149726867675781,0.3163279891014099,./models/spaces_xgboost/College_of_Education_Data_Extended_present_elec_kwh_zero_fill_rfecv_0_0_24_hour,./models/spaces_imp/College_of_Education_Data_Extended_present_elec_kwh_zero_fill,College_of_Education_Data_Extended.csv,
xgboost,College of Education,present_elec_kwh,zero_fill,rfecv,1,4,24,hour,15.618014335632324,11.329407691955566,0.32055506110191345,./models/spaces_xgboost/College_of_Education_Data_Extended_present_elec_kwh_zero_fill_rfecv_1_4_24_hour,./models/spaces_imp/College_of_Education_Data_Extended_present_elec_kwh_zero_fill,College_of_Education_Data_Extended.csv,temp_c|rel_humidity_%|cloud_cover_%|direct_radiation_w/m2
xgboost,College of Education,present_elec_kwh,zero_fill,lassocv,1,5,24,hour,15.656819343566895,11.23901653289795,0.31719452142715454,./models/spaces_xgboost/College_of_Education_Data_Extended_present_elec_kwh_zero_fill_lassocv_1_5_24_hour,./models/spaces_imp/College_of_Education_Data_Extended_present_elec_kwh_zero_fill,College_of_Education_Data_Extended.csv,temp_c|rel_humidity_%|cloud_cover_%|direct_radiation_w/m2|wind_speed_ground_km/h
xgboost,College of Law,present_elec_kwh,zero_fill,rfecv,0,0,24,hour,14.397153854370117,10.389890670776367,0.19665980339050293,./models/spaces_xgboost/College_of_Law_Data_Extended_present_elec_kwh_zero_fill_rfecv_0_0_24_hour,./models/spaces_imp/College_of_Law_Data_Extended_present_elec_kwh_zero_fill,College_of_Law_Data_Extended.csv,
xgboost,College of Law,present_elec_kwh,zero_fill,rfecv,1,1,24,hour,14.209410667419434,10.324535369873047,0.19524560868740082,./models/spaces_xgboost/College_of_Law_Data_Extended_present_elec_kwh_zero_fill_rfecv_1_1_24_hour,./models/spaces_imp/College_of_Law_Data_Extended_present_elec_kwh_zero_fill,College_of_Law_Data_Extended.csv,direct_radiation_w/m2
xgboost,Corbett,present_elec_kwh,zero_fill,rfecv,0,0,24,hour,11.194982528686523,6.847955226898193,0.11462656408548355,./models/spaces_xgboost/Corbett_Data_Extended_present_elec_kwh_zero_fill_rfecv_0_0_24_hour,./models/spaces_imp/Corbett_Data_Extended_present_elec_kwh_zero_fill,Corbett_Data_Extended.csv,
xgboost,Corbett,present_elec_kwh,zero_fill,rfecv,1,8,24,hour,11.21226978302002,7.175875186920166,0.12168107181787491,./models/spaces_xgboost/Corbett_Data_Extended_present_elec_kwh_zero_fill_rfecv_1_8_24_hour,./models/spaces_imp/Corbett_Data_Extended_present_elec_kwh_zero_fill,Corbett_Data_Extended.csv,temp_c|rel_humidity_%|surface_pressure_hpa|cloud_cover_%|direct_radiation_w/m2|precipitation_mm|wind_speed_ground_km/h|wind_dir_ground_deg
xgboost,Corbett,present_elec_kwh,zero_fill,lassocv,1,6,24,hour,11.036467552185059,7.022758483886719,0.11818120628595352,./models/spaces_xgboost/Corbett_Data_Extended_present_elec_kwh_zero_fill_lassocv_1_6_24_hour,./models/spaces_imp/Corbett_Data_Extended_present_elec_kwh_zero_fill,Corbett_Data_Extended.csv,temp_c|rel_humidity_%|surface_pressure_hpa|direct_radiation_w/m2|wind_speed_ground_km/h|wind_dir_ground_deg
xgboost,Earth Sciences,present_chll_tonh,zero_fill,rfecv,0,0,24,hour,2.452094078063965,1.3877379894256592,0.43307575583457947,./models/spaces_xgboost/Earth_Sciences_Data_Extended_present_chll_tonh_zero_fill_rfecv_0_0_24_hour,./models/spaces_imp/Earth_Sciences_Data_Extended_present_chll_tonh_zero_fill,Earth_Sciences_Data_Extended.csv,
xgboost,Earth Sciences,present_chll_tonh,zero_fill,rfecv,1,1,24,hour,2.546114921569824,1.4156064987182617,0.4380580484867096,./models/spaces_xgboost/Earth_Sciences_Data_Extended_present_chll_tonh_zero_fill_rfecv_1_1_24_hour,./models/spaces_imp/Earth_Sciences_Data_Extended_present_chll_tonh_zero_fill,Earth_Sciences_Data_Extended.csv,temp_c
xgboost,Earth Sciences,present_chll_tonh,zero_fill,lassocv,1,4,24,hour,2.4606897830963135,1.3826745748519897,0.43346086144447327,./models/spaces_xgboost/Earth_Sciences_Data_Extended_present_chll_tonh_zero_fill_lassocv_1_4_24_hour,./models/spaces_imp/Earth_Sciences_Data_Extended_present_chll_tonh_zero_fill,Earth_Sciences_Data_Extended.csv,temp_c|surface_pressure_hpa|cloud_cover_%|wind_speed_ground_km/h
xgboost,Education Annex,present_elec_kwh,zero_fill,rfecv,0,0,24,hour,7.729189395904541,5.920776844024658,0.34543079137802124,./models/spaces_xgboost/Education_Annex_Data_Extended_present_elec_kwh_zero_fill_rfecv_0_0_24_hour,./models/spaces_imp/Education_Annex_Data_Extended_present_elec_kwh_zero_fill,Education_Annex_Data_Extended.csv,
xgboost,Education Annex,present_elec_kwh,zero_fill,rfecv,1,2,24,hour,7.98134183883667,6.16115140914917,0.35736021399497986,./models/spaces_xgboost/Education_Annex_Data_Extended_present_elec_kwh_zero_fill_rfecv_1_2_24_hour,./models/spaces_imp/Education_Annex_Data_Extended_present_elec_kwh_zero_fill,Education_Annex_Data_Extended.csv,temp_c|direct_radiation_w/m2
xgboost,Education Annex,present_elec_kwh,zero_fill,lassocv,1,7,24,hour,7.862370491027832,6.100245475769043,0.35969945788383484,./models/spaces_xgboost/Education_Annex_Data_Extended_present_elec_kwh_zero_fill_lassocv_1_7_24_hour,./models/spaces_imp/Education_Annex_Data_Extended_present_elec_kwh_zero_fill,Education_Annex_Data_Extended.csv,temp_c|rel_humidity_%|cloud_cover_%|direct_radiation_w/m2|precipitation_mm|wind_speed_ground_km/h|wind_dir_ground_deg
xgboost,Energy Innovation Center,present_elec_kwh,zero_fill,rfecv,0,0,24,hour,12.495281219482422,8.028875350952148,0.07447201013565063,./models/spaces_xgboost/Energy_Innovation_Center_Data_Extended_present_elec_kwh_zero_fill_rfecv_0_0_24_hour,./models/spaces_imp/Energy_Innovation_Center_Data_Extended_present_elec_kwh_zero_fill,Energy_Innovation_Center_Data_Extended.csv,
xgboost,Energy Innovation Center,present_elec_kwh,zero_fill,rfecv,1,3,24,hour,13.209829330444336,8.42665958404541,0.0781393051147461,./models/spaces_xgboost/Energy_Innovation_Center_Data_Extended_present_elec_kwh_zero_fill_rfecv_1_3_24_hour,./models/spaces_imp/Energy_Innovation_Center_Data_Extended_present_elec_kwh_zero_fill,Energy_Innovation_Center_Data_Extended.csv,temp_c|rel_humidity_%|direct_radiation_w/m2
xgboost,Energy Innovation Center,present_htwt_mmbtuh,zero_fill,rfecv,0,0,24,hour,7.214593410491943,5.42221212387085,21.403024673461914,./models/spaces_xgboost/Energy_Innovation_Center_Data_Extended_present_htwt_mmbtuh_zero_fill_rfecv_0_0_24_hour,./models/spaces_imp/Energy_Innovation_Center_Data_Extended_present_htwt_mmbtuh_zero_fill,Energy_Innovation_Center_Data_Extended.csv,
xgboost,Energy Innovation Center,present_htwt_mmbtuh,zero_fill,rfecv,1,1,24,hour,7.317060947418213,5.0811967849731445,21.67337417602539,./models/spaces_xgboost/Energy_Innovation_Center_Data_Extended_present_htwt_mmbtuh_zero_fill_rfecv_1_1_24_hour,./models/spaces_imp/Energy_Innovation_Center_Data_Extended_present_htwt_mmbtuh_zero_fill,Energy_Innovation_Center_Data_Extended.csv,surface_pressure_hpa
xgboost,Energy Innovation Center,present_htwt_mmbtuh,zero_fill,lassocv,1,1,24,hour,8.102452278137207,5.510594367980957,22.570039749145508,./models/spaces_xgboost/Energy_Innovation_Center_Data_Extended_present_htwt_mmbtuh_zero_fill_lassocv_1_1_24_hour,./models/spaces_imp/Energy_Innovation_Center_Data_Extended_present_htwt_mmbtuh_zero_fill,Energy_Innovation_Center_Data_Extended.csv,wind_dir_ground_deg
xgboost,Energy Innovation Center,present_chll_tonh,zero_fill,rfecv,0,0,24,hour,0.18103176355361938,0.13320471346378326,0.26866111159324646,./models/spaces_xgboost/Energy_Innovation_Center_Data_Extended_present_chll_tonh_zero_fill_rfecv_0_0_24_hour,./models/spaces_imp/Energy_Innovation_Center_Data_Extended_present_chll_tonh_zero_fill,Energy_Innovation_Center_Data_Extended.csv,
xgboost,Energy Innovation Center,present_chll_tonh,zero_fill,rfecv,1,1,24,hour,0.16523884236812592,0.12168297916650772,0.2512587606906891,./models/spaces_xgboost/Energy_Innovation_Center_Data_Extended_present_chll_tonh_zero_fill_rfecv_1_1_24_hour,./models/spaces_imp/Energy_Innovation_Center_Data_Extended_present_chll_tonh_zero_fill,Energy_Innovation_Center_Data_Extended.csv,rel_humidity_%
xgboost,Engineering,present_elec_kwh,zero_fill,rfecv,0,0,24,hour,42.48636245727539,30.19136619567871,0.12399753928184509,./models/spaces_xgboost/Engineering_Data_Extended_present_elec_kwh_zero_fill_rfecv_0_0_24_hour,./models/spaces_imp/Engineering_Data_Extended_present_elec_kwh_zero_fill,Engineering_Data_Extended.csv,
xgboost,Engineering,present_elec_kwh,zero_fill,rfecv,1,1,24,hour,45.146541595458984,32.34831237792969,0.13331887125968933,./models/spaces_xgboost/Engineering_Data_Extended_present_elec_kwh_zero_fill_rfecv_1_1_24_hour,./models/spaces_imp/Engineering_Data_Extended_present_elec_kwh_zero_fill,Engineering_Data_Extended.csv,temp_c
xgboost,Enzi-STEM,present_elec_kwh,zero_fill,rfecv,0,0,24,hour,31.496109008789062,21.47635269165039,0.12674611806869507,./models/spaces_xgboost/Enzi-STEM_Data_Extended_present_elec_kwh_zero_fill_rfecv_0_0_24_hour,./models/spaces_imp/Enzi-STEM_Data_Extended_present_elec_kwh_zero_fill,Enzi-STEM_Data_Extended.csv,
xgboost,Enzi-STEM,present_elec_kwh,zero_fill,rfecv,1,3,24,hour,32.43244934082031,21.3747501373291,0.12423622608184814,./models/spaces_xgboost/Enzi-STEM_Data_Extended_present_elec_kwh_zero_fill_rfecv_1_3_24_hour,./models/spaces_imp/Enzi-STEM_Data_Extended_present_elec_kwh_zero_fill,Enzi-STEM_Data_Extended.csv,temp_c|rel_humidity_%|direct_radiation_w/m2
xgboost,Enzi-STEM,present_elec_kwh,zero_fill,lassocv,1,6,24,hour,33.18505096435547,21.7325382232666,0.12639281153678894,./models/spaces_xgboost/Enzi-STEM_Data_Extended_present_elec_kwh_zero_fill_lassocv_1_6_24_hour,./models/spaces_imp/Enzi-STEM_Data_Extended_present_elec_kwh_zero_fill,Enzi-STEM_Data_Extended.csv,temp_c|rel_humidity_%|cloud_cover_%|direct_radiation_w/m2|wind_speed_ground_km/h|wind_dir_ground_deg
xgboost,Fieldhouse,present_elec_kwh,zero_fill,rfecv,0,0,24,hour,3.5330491065979004,2.370600700378418,0.2370600700378418,./models/spaces_xgboost/Fieldhouse_Data_Extended_present_elec_kwh_zero_fill_rfecv_0_0_24_hour,./models/spaces_imp/Fieldhouse_Data_Extended_present_elec_kwh_zero_fill,Fieldhouse_Data_Extended.csv,
xgboost,Fieldhouse,present_elec_kwh,zero_fill,rfecv,1,2,24,hour,3.619434118270874,2.512186288833618,0.25121864676475525,./models/spaces_xgboost/Fieldhouse_Data_Extended_present_elec_kwh_zero_fill_rfecv_1_2_24_hour,./models/spaces_imp/Fieldhouse_Data_Extended_present_elec_kwh_zero_fill,Fieldhouse_Data_Extended.csv,temp_c|direct_radiation_w/m2
xgboost,Fieldhouse,present_elec_kwh,zero_fill,lassocv,1,4,24,hour,3.4942264556884766,2.4198451042175293,0.2419845014810562,./models/spaces_xgboost/Fieldhouse_Data_Extended_present_elec_kwh_zero_fill_lassocv_1_4_24_hour,./models/spaces_imp/Fieldhouse_Data_Extended_present_elec_kwh_zero_fill,Fieldhouse_Data_Extended.csv,temp_c|surface_pressure_hpa|cloud_cover_%|direct_radiation_w/m2
xgboost,Fine Arts,present_elec_kwh,zero_fill,rfecv,0,0,24,hour,33.04076385498047,22.29019546508789,0.1511072963476181,./models/spaces_xgboost/Fine_Arts_Data_Extended_present_elec_kwh_zero_fill_rfecv_0_0_24_hour,./models/spaces_imp/Fine_Arts_Data_Extended_present_elec_kwh_zero_fill,Fine_Arts_Data_Extended.csv,
xgboost,Fine Arts,present_elec_kwh,zero_fill,rfecv,1,3,24,hour,33.4494514465332,22.18168067932129,0.15111643075942993,./models/spaces_xgboost/Fine_Arts_Data_Extended_present_elec_kwh_zero_fill_rfecv_1_3_24_hour,./models/spaces_imp/Fine_Arts_Data_Extended_present_elec_kwh_zero_fill,Fine_Arts_Data_Extended.csv,temp_c|direct_radiation_w/m2|wind_speed_ground_km/h
xgboost,Fine Arts,present_elec_kwh,zero_fill,lassocv,1,5,24,hour,32.8766975402832,21.869565963745117,0.14965541660785675,./models/spaces_xgboost/Fine_Arts_Data_Extended_present_elec_kwh_zero_fill_lassocv_1_5_24_hour,./models/spaces_imp/Fine_Arts_Data_Extended_present_elec_kwh_zero_fill,Fine_Arts_Data_Extended.csv,temp_c|surface_pressure_hpa|cloud_cover_%|direct_radiation_w/m2|wind_speed_ground_km/h
xgboost,General Storage,present_elec_kwh,zero_fill,rfecv,0,0,24,hour,5.633965492248535,3.844303607940674,0.2620437741279602,./models/spaces_xgboost/General_Storage_Data_Extended_present_elec_kwh_zero_fill_rfecv_0_0_24_hour,./models/spaces_imp/General_Storage_Data_Extended_present_elec_kwh_zero_fill,General_Storage_Data_Extended.csv,
xgboost,General Storage,present_elec_kwh,zero_fill,rfecv,1,7,24,hour,5.765563011169434,4.141809940338135,0.28979605436325073,./models/spaces_xgboost/General_Storage_Data_Extended_present_elec_kwh_zero_fill_rfecv_1_7_24_hour,./models/spaces_imp/General_Storage_Data_Extended_present_elec_kwh_zero_fill,General_Storage_Data_Extended.csv,temp_c|rel_humidity_%|surface_pressure_hpa|cloud_cover_%|direct_radiation_w/m2|precipitation_mm|wind_dir_ground_deg
xgboost,General Storage,present_elec_kwh,zero_fill,lassocv,1,8,24,hour,5.716123580932617,4.09454870223999,0.2867680490016937,./models/spaces_xgboost/General_Storage_Data_Extended_present_elec_kwh_zero_fill_lassocv_1_8_24_hour,./models/spaces_imp/General_Storage_Data_Extended_present_elec_kwh_zero_fill,General_Storage_Data_Extended.csv,temp_c|rel_humidity_%|surface_pressure_hpa|cloud_cover_%|direct_radiation_w/m2|precipitation_mm|wind_speed_ground_km/h|wind_dir_ground_deg
xgboost,Geological Survey,present_elec_kwh,zero_fill,rfecv,0,0,24,hour,6.381611347198486,4.9047651290893555,0.3772231936454773,./models/spaces_xgboost/Geological_Survey_Data_Extended_present_elec_kwh_zero_fill_rfecv_0_0_24_hour,./models/spaces_imp/Geological_Survey_Data_Extended_present_elec_kwh_zero_fill,Geological_Survey_Data_Extended.csv,
xgboost,Geological Survey,present_elec_kwh,zero_fill,rfecv,1,4,24,hour,6.441558361053467,5.004237651824951,0.3840537667274475,./models/spaces_xgboost/Geological_Survey_Data_Extended_present_elec_kwh_zero_fill_rfecv_1_4_24_hour,./models/spaces_imp/Geological_Survey_Data_Extended_present_elec_kwh_zero_fill,Geological_Survey_Data_Extended.csv,temp_c|rel_humidity_%|cloud_cover_%|direct_radiation_w/m2
xgboost,Geological Survey,present_elec_kwh,zero_fill,lassocv,1,5,24,hour,6.465786457061768,5.030667781829834,0.3861500322818756,./models/spaces_xgboost/Geological_Survey_Data_Extended_present_elec_kwh_zero_fill_lassocv_1_5_24_hour,./models/spaces_imp/Geological_Survey_Data_Extended_present_elec_kwh_zero_fill,Geological_Survey_Data_Extended.csv,temp_c|rel_humidity_%|cloud_cover_%|direct_radiation_w/m2|precipitation_mm
xgboost,Geology,present_elec_kwh,zero_fill,rfecv,0,0,24,hour,6.7025299072265625,5.2790703773498535,0.37005943059921265,./models/spaces_xgboost/Geology_Data_Extended_present_elec_kwh_zero_fill_rfecv_0_0_24_hour,./models/spaces_imp/Geology_Data_Extended_present_elec_kwh_zero_fill,Geology_Data_Extended.csv,
xgboost,Geology,present_elec_kwh,zero_fill,rfecv,1,1,24,hour,6.865046977996826,5.248478412628174,0.3548327684402466,./models/spaces_xgboost/Geology_Data_Extended_present_elec_kwh_zero_fill_rfecv_1_1_24_hour,./models/spaces_imp/Geology_Data_Extended_present_elec_kwh_zero_fill,Geology_Data_Extended.csv,direct_radiation_w/m2
xgboost,Geology,present_elec_kwh,zero_fill,lassocv,1,6,24,hour,6.7534003257751465,5.209029197692871,0.35600173473358154,./models/spaces_xgboost/Geology_Data_Extended_present_elec_kwh_zero_fill_lassocv_1_6_24_hour,./models/spaces_imp/Geology_Data_Extended_present_elec_kwh_zero_fill,Geology_Data_Extended.csv,temp_c|rel_humidity_%|surface_pressure_hpa|cloud_cover_%|direct_radiation_w/m2|wind_speed_ground_km/h
xgboost,Half Acre Gym,present_elec_kwh,zero_fill,rfecv,0,0,24,hour,33.31110382080078,23.713563919067383,0.336557000875473,./models/spaces_xgboost/Half_Acre_Gym_Data_Extended_present_elec_kwh_zero_fill_rfecv_0_0_24_hour,./models/spaces_imp/Half_Acre_Gym_Data_Extended_present_elec_kwh_zero_fill,Half_Acre_Gym_Data_Extended.csv,
xgboost,Half Acre Gym,present_elec_kwh,zero_fill,rfecv,1,4,24,hour,33.24876403808594,23.727508544921875,0.33719590306282043,./models/spaces_xgboost/Half_Acre_Gym_Data_Extended_present_elec_kwh_zero_fill_rfecv_1_4_24_hour,./models/spaces_imp/Half_Acre_Gym_Data_Extended_present_elec_kwh_zero_fill,Half_Acre_Gym_Data_Extended.csv,temp_c|rel_humidity_%|cloud_cover_%|direct_radiation_w/m2
xgboost,Half Acre Gym,present_elec_kwh,zero_fill,lassocv,1,5,24,hour,33.02107620239258,23.42365264892578,0.33387845754623413,./models/spaces_xgboost/Half_Acre_Gym_Data_Extended_present_elec_kwh_zero_fill_lassocv_1_5_24_hour,./models/spaces_imp/Half_Acre_Gym_Data_Extended_present_elec_kwh_zero_fill,Half_Acre_Gym_Data_Extended.csv,temp_c|rel_humidity_%|cloud_cover_%|direct_radiation_w/m2|wind_speed_ground_km/h
xgboost,High Bay,present_elec_kwh,zero_fill,rfecv,0,0,24,hour,56.61184310913086,32.5571174621582,0.138611301779747,./models/spaces_xgboost/High_Bay_Data_Extended_present_elec_kwh_zero_fill_rfecv_0_0_24_hour,./models/spaces_imp/High_Bay_Data_Extended_present_elec_kwh_zero_fill,High_Bay_Data_Extended.csv,
xgboost,High Bay,present_elec_kwh,zero_fill,rfecv,1,2,24,hour,60.92880630493164,34.687522888183594,0.1473323106765747,./models/spaces_xgboost/High_Bay_Data_Extended_present_elec_kwh_zero_fill_rfecv_1_2_24_hour,./models/spaces_imp/High_Bay_Data_Extended_present_elec_kwh_zero_fill,High_Bay_Data_Extended.csv,temp_c|wind_dir_ground_deg
xgboost,High Bay,present_elec_kwh,zero_fill,lassocv,1,3,24,hour,63.8379020690918,37.15696716308594,0.15716654062271118,./models/spaces_xgboost/High_Bay_Data_Extended_present_elec_kwh_zero_fill_lassocv_1_3_24_hour,./models/spaces_imp/High_Bay_Data_Extended_present_elec_kwh_zero_fill,High_Bay_Data_Extended.csv,temp_c|cloud_cover_%|wind_dir_ground_deg
xgboost,Hoyt Hall,present_elec_kwh,zero_fill,rfecv,0,0,24,hour,2.7229130268096924,2.2091944217681885,0.2209194302558899,./models/spaces_xgboost/Hoyt_Hall_Data_Extended_present_elec_kwh_zero_fill_rfecv_0_0_24_hour,./models/spaces_imp/Hoyt_Hall_Data_Extended_present_elec_kwh_zero_fill,Hoyt_Hall_Data_Extended.csv,
xgboost,Hoyt Hall,present_elec_kwh,zero_fill,rfecv,1,1,24,hour,2.8118464946746826,2.2429661750793457,0.22429658472537994,./models/spaces_xgboost/Hoyt_Hall_Data_Extended_present_elec_kwh_zero_fill_rfecv_1_1_24_hour,./models/spaces_imp/Hoyt_Hall_Data_Extended_present_elec_kwh_zero_fill,Hoyt_Hall_Data_Extended.csv,rel_humidity_%
xgboost,Indoor Practice Facility,present_elec_kwh,zero_fill,rfecv,0,0,24,hour,10.796590805053711,8.068268775939941,0.3952404856681824,./models/spaces_xgboost/Indoor_Practice_Facility_Data_Extended_present_elec_kwh_zero_fill_rfecv_0_0_24_hour,./models/spaces_imp/Indoor_Practice_Facility_Data_Extended_present_elec_kwh_zero_fill,Indoor_Practice_Facility_Data_Extended.csv,
xgboost,Indoor Practice Facility,present_elec_kwh,zero_fill,rfecv,1,4,24,hour,10.792516708374023,8.123562812805176,0.39665526151657104,./models/spaces_xgboost/Indoor_Practice_Facility_Data_Extended_present_elec_kwh_zero_fill_rfecv_1_4_24_hour,./models/spaces_imp/Indoor_Practice_Facility_Data_Extended_present_elec_kwh_zero_fill,Indoor_Practice_Facility_Data_Extended.csv,temp_c|rel_humidity_%|cloud_cover_%|direct_radiation_w/m2
xgboost,Indoor Practice Facility,present_elec_kwh,zero_fill,lassocv,1,6,24,hour,10.811996459960938,8.151381492614746,0.4014752209186554,./models/spaces_xgboost/Indoor_Practice_Facility_Data_Extended_present_elec_kwh_zero_fill_lassocv_1_6_24_hour,./models/spaces_imp/Indoor_Practice_Facility_Data_Extended_present_elec_kwh_zero_fill,Indoor_Practice_Facility_Data_Extended.csv,temp_c|rel_humidity_%|cloud_cover_%|direct_radiation_w/m2|wind_speed_ground_km/h|wind_dir_ground_deg
xgboost,Information Technology,present_elec_kwh,zero_fill,rfecv,0,0,24,hour,68.2320785522461,45.494956970214844,0.10580778867006302,./models/spaces_xgboost/Information_Technology_Data_Extended_present_elec_kwh_zero_fill_rfecv_0_0_24_hour,./models/spaces_imp/Information_Technology_Data_Extended_present_elec_kwh_zero_fill,Information_Technology_Data_Extended.csv,
xgboost,Information Technology,present_elec_kwh,zero_fill,rfecv,1,2,24,hour,84.16761016845703,49.56051254272461,0.11506669223308563,./models/spaces_xgboost/Information_Technology_Data_Extended_present_elec_kwh_zero_fill_rfecv_1_2_24_hour,./models/spaces_imp/Information_Technology_Data_Extended_present_elec_kwh_zero_fill,Information_Technology_Data_Extended.csv,temp_c|direct_radiation_w/m2
xgboost,Information Technology,present_elec_kwh,zero_fill,lassocv,1,3,24,hour,80.9012222290039,48.89307403564453,0.1136813685297966,./models/spaces_xgboost/Information_Technology_Data_Extended_present_elec_kwh_zero_fill_lassocv_1_3_24_hour,./models/spaces_imp/Information_Technology_Data_Extended_present_elec_kwh_zero_fill,Information_Technology_Data_Extended.csv,temp_c|rel_humidity_%|direct_radiation_w/m2
xgboost,Knight Hall,present_elec_kwh,zero_fill,rfecv,0,0,24,hour,15.841442108154297,10.47541618347168,0.30262133479118347,./models/spaces_xgboost/Knight_Hall_Data_Extended_present_elec_kwh_zero_fill_rfecv_0_0_24_hour,./models/spaces_imp/Knight_Hall_Data_Extended_present_elec_kwh_zero_fill,Knight_Hall_Data_Extended.csv,
xgboost,Knight Hall,present_elec_kwh,zero_fill,rfecv,1,1,24,hour,16.282556533813477,10.724712371826172,0.3074879050254822,./models/spaces_xgboost/Knight_Hall_Data_Extended_present_elec_kwh_zero_fill_rfecv_1_1_24_hour,./models/spaces_imp/Knight_Hall_Data_Extended_present_elec_kwh_zero_fill,Knight_Hall_Data_Extended.csv,direct_radiation_w/m2
xgboost,Knight Hall,present_elec_kwh,zero_fill,lassocv,1,4,24,hour,15.720441818237305,10.5061674118042,0.3037886619567871,./models/spaces_xgboost/Knight_Hall_Data_Extended_present_elec_kwh_zero_fill_lassocv_1_4_24_hour,./models/spaces_imp/Knight_Hall_Data_Extended_present_elec_kwh_zero_fill,Knight_Hall_Data_Extended.csv,temp_c|rel_humidity_%|surface_pressure_hpa|direct_radiation_w/m2
xgboost,Old Main,present_elec_kwh,zero_fill,rfecv,0,0,24,hour,6.574148178100586,5.565080165863037,0.3581050634384155,./models/spaces_xgboost/Old_Main_Data_Extended_present_elec_kwh_zero_fill_rfecv_0_0_24_hour,./models/spaces_imp/Old_Main_Data_Extended_present_elec_kwh_zero_fill,Old_Main_Data_Extended.csv,
xgboost,Old Main,present_elec_kwh,zero_fill,rfecv,1,5,24,hour,6.622622489929199,5.623937129974365,0.3587810695171356,./models/spaces_xgboost/Old_Main_Data_Extended_present_elec_kwh_zero_fill_rfecv_1_5_24_hour,./models/spaces_imp/Old_Main_Data_Extended_present_elec_kwh_zero_fill,Old_Main_Data_Extended.csv,temp_c|rel_humidity_%|surface_pressure_hpa|cloud_cover_%|direct_radiation_w/m2
xgboost,Old Main,present_elec_kwh,zero_fill,lassocv,1,7,24,hour,6.57767391204834,5.5896897315979,0.35786738991737366,./models/spaces_xgboost/Old_Main_Data_Extended_present_elec_kwh_zero_fill_lassocv_1_7_24_hour,./models/spaces_imp/Old_Main_Data_Extended_present_elec_kwh_zero_fill,Old_Main_Data_Extended.csv,temp_c|rel_humidity_%|surface_pressure_hpa|cloud_cover_%|direct_radiation_w/m2|precipitation_mm|wind_speed_ground_km/h
xgboost,Physical Science,present_elec_kwh,zero_fill,rfecv,0,0,24,hour,43.738121032714844,29.527881622314453,0.10351982712745667,./models/spaces_xgboost/Physical_Science_Data_Extended_present_elec_kwh_zero_fill_rfecv_0_0_24_hour,./models/spaces_imp/Physical_Science_Data_Extended_present_elec_kwh_zero_fill,Physical_Science_Data_Extended.csv,
xgboost,Physical Science,present_elec_kwh,zero_fill,rfecv,1,8,24,hour,46.971092224121094,30.726545333862305,0.10706236213445663,./models/spaces_xgboost/Physical_Science_Data_Extended_present_elec_kwh_zero_fill_rfecv_1_8_24_hour,./models/spaces_imp/Physical_Science_Data_Extended_present_elec_kwh_zero_fill,Physical_Science_Data_Extended.csv,temp_c|rel_humidity_%|surface_pressure_hpa|cloud_cover_%|direct_radiation_w/m2|precipitation_mm|wind_speed_ground_km/h|wind_dir_ground_deg
xgboost,Physical Science,present_chll_tonh,zero_fill,rfecv,0,0,24,hour,3.961347818374634,2.2478227615356445,0.4457252621650696,./models/spaces_xgboost/Physical_Science_Data_Extended_present_chll_tonh_zero_fill_rfecv_0_0_24_hour,./models/spaces_imp/Physical_Science_Data_Extended_present_chll_tonh_zero_fill,Physical_Science_Data_Extended.csv,
xgboost,Physical Science,present_chll_tonh,zero_fill,rfecv,1,6,24,hour,4.049403190612793,2.3144547939300537,0.46970394253730774,./models/spaces_xgboost/Physical_Science_Data_Extended_present_chll_tonh_zero_fill_rfecv_1_6_24_hour,./models/spaces_imp/Physical_Science_Data_Extended_present_chll_tonh_zero_fill,Physical_Science_Data_Extended.csv,temp_c|rel_humidity_%|surface_pressure_hpa|direct_radiation_w/m2|wind_speed_ground_km/h|wind_dir_ground_deg
xgboost,Physical Science,present_chll_tonh,zero_fill,lassocv,1,7,24,hour,3.9879040718078613,2.2740445137023926,0.4610278606414795,./models/spaces_xgboost/Physical_Science_Data_Extended_present_chll_tonh_zero_fill_lassocv_1_7_24_hour,./models/spaces_imp/Physical_Science_Data_Extended_present_chll_tonh_zero_fill,Physical_Science_Data_Extended.csv,temp_c|rel_humidity_%|surface_pressure_hpa|cloud_cover_%|direct_radiation_w/m2|wind_speed_ground_km/h|wind_dir_ground_deg
xgboost,RMMC,present_elec_kwh,zero_fill,rfecv,0,0,24,hour,13.022562980651855,11.541479110717773,0.3847159743309021,./models/spaces_xgboost/RMMC_Data_Extended_present_elec_kwh_zero_fill_rfecv_0_0_24_hour,./models/spaces_imp/RMMC_Data_Extended_present_elec_kwh_zero_fill,RMMC_Data_Extended.csv,
xgboost,RMMC,present_elec_kwh,zero_fill,rfecv,1,8,24,hour,12.649561882019043,11.279122352600098,0.375970721244812,./models/spaces_xgboost/RMMC_Data_Extended_present_elec_kwh_zero_fill_rfecv_1_8_24_hour,./models/spaces_imp/RMMC_Data_Extended_present_elec_kwh_zero_fill,RMMC_Data_Extended.csv,temp_c|rel_humidity_%|surface_pressure_hpa|cloud_cover_%|direct_radiation_w/m2|precipitation_mm|wind_speed_ground_km/h|wind_dir_ground_deg
xgboost,RMMC,present_elec_kwh,zero_fill,lassocv,1,7,24,hour,12.60957145690918,11.254623413085938,0.37515413761138916,./models/spaces_xgboost/RMMC_Data_Extended_present_elec_kwh_zero_fill_lassocv_1_7_24_hour,./models/spaces_imp/RMMC_Data_Extended_present_elec_kwh_zero_fill,RMMC_Data_Extended.csv,rel_humidity_%|surface_pressure_hpa|cloud_cover_%|direct_radiation_w/m2|precipitation_mm|wind_speed_ground_km/h|wind_dir_ground_deg
xgboost,Service Building,present_elec_kwh,zero_fill,rfecv,0,0,24,hour,12.465744972229004,8.53109073638916,0.452818900346756,./models/spaces_xgboost/Service_Building_Data_Extended_present_elec_kwh_zero_fill_rfecv_0_0_24_hour,./models/spaces_imp/Service_Building_Data_Extended_present_elec_kwh_zero_fill,Service_Building_Data_Extended.csv,
xgboost,Service Building,present_elec_kwh,zero_fill,rfecv,1,1,24,hour,12.290690422058105,8.318227767944336,0.44812241196632385,./models/spaces_xgboost/Service_Building_Data_Extended_present_elec_kwh_zero_fill_rfecv_1_1_24_hour,./models/spaces_imp/Service_Building_Data_Extended_present_elec_kwh_zero_fill,Service_Building_Data_Extended.csv,direct_radiation_w/m2
xgboost,Stadium,present_elec_kwh,zero_fill,rfecv,0,0,24,hour,42.93803024291992,26.995769500732422,0.20572596788406372,./models/spaces_xgboost/Stadium_Data_Extended_present_elec_kwh_zero_fill_rfecv_0_0_24_hour,./models/spaces_imp/Stadium_Data_Extended_present_elec_kwh_zero_fill,Stadium_Data_Extended.csv,
xgboost,Stadium,present_elec_kwh,zero_fill,rfecv,1,7,24,hour,40.78261947631836,25.909299850463867,0.20065578818321228,./models/spaces_xgboost/Stadium_Data_Extended_present_elec_kwh_zero_fill_rfecv_1_7_24_hour,./models/spaces_imp/Stadium_Data_Extended_present_elec_kwh_zero_fill,Stadium_Data_Extended.csv,temp_c|rel_humidity_%|surface_pressure_hpa|cloud_cover_%|direct_radiation_w/m2|wind_speed_ground_km/h|wind_dir_ground_deg
xgboost,Stadium,present_elec_kwh,zero_fill,lassocv,1,6,24,hour,39.18499755859375,25.33599090576172,0.19895285367965698,./models/spaces_xgboost/Stadium_Data_Extended_present_elec_kwh_zero_fill_lassocv_1_6_24_hour,./models/spaces_imp/Stadium_Data_Extended_present_elec_kwh_zero_fill,Stadium_Data_Extended.csv,temp_c|rel_humidity_%|cloud_cover_%|direct_radiation_w/m2|wind_speed_ground_km/h|wind_dir_ground_deg
xgboost,Student Union,present_elec_kwh,zero_fill,rfecv,0,0,24,hour,33.21162414550781,23.035188674926758,0.2036794126033783,./models/spaces_xgboost/Student_Union_Data_Extended_present_elec_kwh_zero_fill_rfecv_0_0_24_hour,./models/spaces_imp/Student_Union_Data_Extended_present_elec_kwh_zero_fill,Student_Union_Data_Extended.csv,
xgboost,Student Union,present_elec_kwh,zero_fill,rfecv,1,4,24,hour,33.535579681396484,23.076190948486328,0.20205198228359222,./models/spaces_xgboost/Student_Union_Data_Extended_present_elec_kwh_zero_fill_rfecv_1_4_24_hour,./models/spaces_imp/Student_Union_Data_Extended_present_elec_kwh_zero_fill,Student_Union_Data_Extended.csv,temp_c|rel_humidity_%|cloud_cover_%|direct_radiation_w/m2
xgboost,Student Union,present_elec_kwh,zero_fill,lassocv,1,7,24,hour,33.183109283447266,23.234752655029297,0.20476175844669342,./models/spaces_xgboost/Student_Union_Data_Extended_present_elec_kwh_zero_fill_lassocv_1_7_24_hour,./models/spaces_imp/Student_Union_Data_Extended_present_elec_kwh_zero_fill,Student_Union_Data_Extended.csv,temp_c|rel_humidity_%|surface_pressure_hpa|cloud_cover_%|direct_radiation_w/m2|wind_speed_ground_km/h|wind_dir_ground_deg
xgboost,Visual Arts,present_elec_kwh,zero_fill,rfecv,0,0,24,hour,14.792152404785156,10.173222541809082,0.12921129167079926,./models/spaces_xgboost/Visual_Arts_Data_Extended_present_elec_kwh_zero_fill_rfecv_0_0_24_hour,./models/spaces_imp/Visual_Arts_Data_Extended_present_elec_kwh_zero_fill,Visual_Arts_Data_Extended.csv,
xgboost,Visual Arts,present_elec_kwh,zero_fill,rfecv,1,6,24,hour,14.688689231872559,9.989697456359863,0.12710455060005188,./models/spaces_xgboost/Visual_Arts_Data_Extended_present_elec_kwh_zero_fill_rfecv_1_6_24_hour,./models/spaces_imp/Visual_Arts_Data_Extended_present_elec_kwh_zero_fill,Visual_Arts_Data_Extended.csv,temp_c|rel_humidity_%|surface_pressure_hpa|cloud_cover_%|direct_radiation_w/m2|wind_speed_ground_km/h
xgboost,Visual Arts,present_elec_kwh,zero_fill,lassocv,1,5,24,hour,14.781283378601074,9.991646766662598,0.12643051147460938,./models/spaces_xgboost/Visual_Arts_Data_Extended_present_elec_kwh_zero_fill_lassocv_1_5_24_hour,./models/spaces_imp/Visual_Arts_Data_Extended_present_elec_kwh_zero_fill,Visual_Arts_Data_Extended.csv,temp_c|rel_humidity_%|surface_pressure_hpa|direct_radiation_w/m2|wind_speed_ground_km/h
xgboost,WRI and Bureau of Mines,present_elec_kwh,zero_fill,rfecv,0,0,24,hour,11.771978378295898,8.771564483642578,0.16818447411060333,./models/spaces_xgboost/WRI_and_Bureau_of_Mines_Data_Extended_present_elec_kwh_zero_fill_rfecv_0_0_24_hour,./models/spaces_imp/WRI_and_Bureau_of_Mines_Data_Extended_present_elec_kwh_zero_fill,WRI_and_Bureau_of_Mines_Data_Extended.csv,
xgboost,WRI and Bureau of Mines,present_elec_kwh,zero_fill,rfecv,1,1,24,hour,11.743788719177246,8.711799621582031,0.16603954136371613,./models/spaces_xgboost/WRI_and_Bureau_of_Mines_Data_Extended_present_elec_kwh_zero_fill_rfecv_1_1_24_hour,./models/spaces_imp/WRI_and_Bureau_of_Mines_Data_Extended_present_elec_kwh_zero_fill,WRI_and_Bureau_of_Mines_Data_Extended.csv,rel_humidity_%
xgboost,WTBC,present_elec_kwh,zero_fill,rfecv,0,0,24,hour,12.141408920288086,7.3989458084106445,0.13584420084953308,./models/spaces_xgboost/WTBC_Data_Extended_present_elec_kwh_zero_fill_rfecv_0_0_24_hour,./models/spaces_imp/WTBC_Data_Extended_present_elec_kwh_zero_fill,WTBC_Data_Extended.csv,
xgboost,WTBC,present_elec_kwh,zero_fill,rfecv,1,2,24,hour,11.771480560302734,7.127335548400879,0.13116832077503204,./models/spaces_xgboost/WTBC_Data_Extended_present_elec_kwh_zero_fill_rfecv_1_2_24_hour,./models/spaces_imp/WTBC_Data_Extended_present_elec_kwh_zero_fill,WTBC_Data_Extended.csv,temp_c|wind_dir_ground_deg
xgboost,Williams Conservatory,present_elec_kwh,zero_fill,rfecv,0,0,24,hour,5.907811641693115,4.706519603729248,0.2833995521068573,./models/spaces_xgboost/Williams_Conservatory_Data_Extended_present_elec_kwh_zero_fill_rfecv_0_0_24_hour,./models/spaces_imp/Williams_Conservatory_Data_Extended_present_elec_kwh_zero_fill,Williams_Conservatory_Data_Extended.csv,
xgboost,Williams Conservatory,present_elec_kwh,zero_fill,rfecv,1,1,24,hour,6.005126953125,4.845184326171875,0.29557764530181885,./models/spaces_xgboost/Williams_Conservatory_Data_Extended_present_elec_kwh_zero_fill_rfecv_1_1_24_hour,./models/spaces_imp/Williams_Conservatory_Data_Extended_present_elec_kwh_zero_fill,Williams_Conservatory_Data_Extended.csv,direct_radiation_w/m2
